<Fragment>
  <PropertyDefinitions>
    <Categories>
      <Category Name="Basic Logic" Description="Basic Logic" />
      <Category Name="Process Logic" Description="Process Logic" />
      <Category Name="Crossing Logic" Description="Crossing Logic" />
      <Category Name="Transport Logic" Description="Transport Logic" />
      <Category Name="Travel Logic" Description="Travel Logic" />
      <Category Name="Routing Logic" Description="Routing Logic" />
      <Category Name="Routing Logic/Other Routing Out Options" Description="Routing Logic/Other Routing Out Options" InitiallyExpanded="False" />
      <Category Name="Population" Description="Population" InitiallyExpanded="False" />
      <Category Name="Results Classification" Description="Results Classification" InitiallyExpanded="False" />
      <Category Name="Stopping Conditions" Description="Stopping Conditions" InitiallyExpanded="False" />
      <Category Name="Input Flow Control" Description="Input Flow Control" />
      <Category Name="Financials" Description="Financials" InitiallyExpanded="False" />
      <Category Name="Financials/Transport Costs" Description="Transport Costs" InitiallyExpanded="False" />
      <Category Name="Financials/Resource Costs" Description="Resource Costs" InitiallyExpanded="False" />
      <Category Name="Shortest Path Calculations" Description="Shortest Path Calculations" InitiallyExpanded="False" />
      <Category Name="Advanced Options" Description="Advanced Options" InitiallyExpanded="False" />
    </Categories>
    <Overrides>
      <Override Name="ReportStatistics" Visible="False" />
      <Override Name="ParentCostCenter" Visible="False" />
      <Override Name="InitialCost" Visible="False" />
      <Override Name="InitialCostRate" Visible="False" />
      <Override Name="ResourceIdleCostRate" Visible="False" />
      <Override Name="ResourceCostPerUse" Visible="False" />
      <Override Name="ResourceUsageCostRate" Visible="False" />
      <Override Name="LogResourceUsage" Visible="False" />
      <Override Name="DisplayName" Visible="False" />
      <Override Name="DisplayCategory" Visible="False" />
      <Override Name="DisplayColor" Visible="False" />
      <Override Name="IncludeInPlanResourceConstraints" Visible="False" />
      <Override Name="CapacityType" Visible="False" />
      <Override Name="WorkSchedule" Visible="False" />
      <Override Name="WorkDayExceptions" Visible="False" />
      <Override Name="WorkPeriodExceptions" Visible="False" />
      <Override Name="InitialCapacity" Visible="False" />
      <Override Name="RankingRule" Visible="False" />
      <Override Name="RankingExpression" Visible="False" />
      <Override Name="DynamicSelectionRule" Visible="False" />
      <Override Name="CurrentSizeIndex" Visible="False" />
      <Override Name="TransferInConstraintsType" Visible="False" />
      <Override Name="TransferOutConstraintsType" Visible="False" />
      <Override Name="ExpectedSetupTimeExpression" Visible="False" />
      <Override Name="ExpectedOperationTimeExpression" Visible="False" />
    </Overrides>
  </PropertyDefinitions>
  <States />
  <Events />
  <UsedObjects>
    <UsedObject Name="ModelEntity" />
    <UsedObject Name="TransferNode" />
  </UsedObjects>
  <Processes />
  <Objects>
    <Entity Name="DefaultEntity" Type="ModelEntity" Location="0 0 0" YawDeg="90" Size="0.5 0.5 0.25" Scope="Public" DefaultEntity="True">
      <Properties>
        <Property Name="InitialCost" Units="USD">0.0</Property>
        <Property Name="InitialCostRate" Units="USD per Hour">0.0</Property>
        <Property Name="ResourceIdleCostRate" Units="USD per Hour">0.0</Property>
        <Property Name="ResourceCostPerUse" Units="USD">0.0</Property>
        <Property Name="ResourceUsageCostRate" Units="USD per Hour">0.0</Property>
        <Property Name="DynamicSelectionRule">
          <Value>None</Value>
        </Property>
      </Properties>
      <Graphics Hidden="True" />
    </Entity>
    <Fixed Name="Seattle_WA" Type="Source" Location="-27.3294525146484 0 -12.603572845459" YawDeg="90" Size="1.49711911473274 1.02344522701085 0.999999706897704" Scope="Public">
      <AssociatedNodes>
        <Node Name="Output@Seattle_WA" Type="TransferNode" Location="-26.0794525146484 0 -12.603572845459" YawDeg="90" Scope="Public">
          <Properties>
            <Property Name="InitialCost" Units="USD">0.0</Property>
            <Property Name="InitialCostRate" Units="USD per Hour">0.0</Property>
            <Property Name="ResourceIdleCostRate" Units="USD per Hour">0.0</Property>
            <Property Name="ResourceCostPerUse" Units="USD">0.0</Property>
            <Property Name="ResourceUsageCostRate" Units="USD per Hour">0.0</Property>
            <Property Name="DynamicSelectionRule">
              <Value>None</Value>
            </Property>
            <Property Name="RouteRequestDynamicSelectionRule">
              <Value>None</Value>
            </Property>
          </Properties>
          <Graphics ExternallyVisible="True" />
        </Node>
      </AssociatedNodes>
      <Properties>
        <Property Name="InitialCost" Units="USD">0.0</Property>
        <Property Name="InitialCostRate" Units="USD per Hour">0.0</Property>
        <Property Name="ResourceIdleCostRate" Units="USD per Hour">0.0</Property>
        <Property Name="ResourceCostPerUse" Units="USD">0.0</Property>
        <Property Name="ResourceUsageCostRate" Units="USD per Hour">0.0</Property>
        <Property Name="DynamicSelectionRule">
          <Value>None</Value>
        </Property>
        <Property Name="EntityType">DefaultEntity</Property>
        <Property Name="CapitalCost" Units="USD">0.0</Property>
        <Property Name="OutputBufferCostPerUse" Units="USD">0.0</Property>
        <Property Name="OutputBufferHoldingCostRate" Units="USD per Hour">0.0</Property>
      </Properties>
      <Graphics ExternallyVisible="True">
        <SymbolInstances>
          <SymbolInstance Center="0 0 0" ExternallyVisible="True">
            <SymbolRef Id="[UseExternalSymbol]" />
          </SymbolInstance>
        </SymbolInstances>
        <AttachedObjects IndexList="0">
          <Queue Queue="OutputBuffer.Contents" ExternallyVisible="True">
            <Points>
              <Point Location="-26.3294525146484 0 -12.103572845459" />
              <Point Location="-23.3294525146484 0 -12.103572845459" />
            </Points>
          </Queue>
        </AttachedObjects>
      </Graphics>
    </Fixed>
    <Fixed Name="KeyWest_FL" Type="Sink" Location="13.1997680664063 0 10.445499420166" YawDeg="90" Size="1.5049811730262 1.02881997857009 1.00000033977415" Scope="Public">
      <AssociatedNodes>
        <Node Name="Input@KeyWest_FL" Type="BasicNode" Location="11.9497680664063 0 10.445499420166" YawDeg="90" Scope="Public">
          <Properties>
            <Property Name="InitialCost" Units="USD">0.0</Property>
            <Property Name="InitialCostRate" Units="USD per Hour">0.0</Property>
            <Property Name="ResourceIdleCostRate" Units="USD per Hour">0.0</Property>
            <Property Name="ResourceCostPerUse" Units="USD">0.0</Property>
            <Property Name="ResourceUsageCostRate" Units="USD per Hour">0.0</Property>
            <Property Name="DynamicSelectionRule">
              <Value>None</Value>
            </Property>
          </Properties>
          <Graphics ExternallyVisible="True" />
        </Node>
      </AssociatedNodes>
      <Properties>
        <Property Name="InitialCost" Units="USD">0.0</Property>
        <Property Name="InitialCostRate" Units="USD per Hour">0.0</Property>
        <Property Name="ResourceIdleCostRate" Units="USD per Hour">0.0</Property>
        <Property Name="ResourceCostPerUse" Units="USD">0.0</Property>
        <Property Name="ResourceUsageCostRate" Units="USD per Hour">0.0</Property>
        <Property Name="DynamicSelectionRule">
          <Value>None</Value>
        </Property>
        <Property Name="CapitalCost" Units="USD">0.0</Property>
        <Property Name="InputBufferCostPerUse" Units="USD">0.0</Property>
        <Property Name="InputBufferHoldingCostRate" Units="USD per Hour">0.0</Property>
      </Properties>
      <Graphics ExternallyVisible="True">
        <SymbolInstances>
          <SymbolInstance Center="0 0 0" ExternallyVisible="True">
            <SymbolRef Id="[UseExternalSymbol]" />
          </SymbolInstance>
        </SymbolInstances>
        <AttachedObjects IndexList="1">
          <Queue Queue="InputBuffer.Contents" ExternallyVisible="True">
            <Points>
              <Point Location="12.1997680664063 0 10.945499420166" />
              <Point Location="9.19976806640625 0 10.945499420166" />
            </Points>
          </Queue>
        </AttachedObjects>
      </Graphics>
    </Fixed>
    <Node Name="Seattle_WA1" Type="BasicNode" Location="-27.3294525146484 0 -12.603572845459" YawDeg="90" Scope="Public">
      <Properties>
        <Property Name="InitialCost" Units="USD">0.0</Property>
        <Property Name="InitialCostRate" Units="USD per Hour">0.0</Property>
        <Property Name="ResourceIdleCostRate" Units="USD per Hour">0.0</Property>
        <Property Name="ResourceCostPerUse" Units="USD">0.0</Property>
        <Property Name="ResourceUsageCostRate" Units="USD per Hour">0.0</Property>
        <Property Name="DynamicSelectionRule">
          <Value>None</Value>
        </Property>
      </Properties>
      <Graphics ExternallyVisible="True" />
    </Node>
    <Node Name="KeyWest_FL1" Type="BasicNode" Location="13.1997680664063 0 10.445499420166" YawDeg="90" Scope="Public">
      <Properties>
        <Property Name="InitialCost" Units="USD">0.0</Property>
        <Property Name="InitialCostRate" Units="USD per Hour">0.0</Property>
        <Property Name="ResourceIdleCostRate" Units="USD per Hour">0.0</Property>
        <Property Name="ResourceCostPerUse" Units="USD">0.0</Property>
        <Property Name="ResourceUsageCostRate" Units="USD per Hour">0.0</Property>
        <Property Name="DynamicSelectionRule">
          <Value>None</Value>
        </Property>
      </Properties>
      <Graphics ExternallyVisible="True" />
    </Node>
    <Link Name="Path1" Type="Path" Size="1.25 0 0" Scope="Public" Start="Output@Seattle_WA" End="Seattle_WA1">
      <Properties>
        <Property Name="InitialCost" Units="USD">0.0</Property>
        <Property Name="InitialCostRate" Units="USD per Hour">0.0</Property>
        <Property Name="ResourceIdleCostRate" Units="USD per Hour">0.0</Property>
        <Property Name="ResourceCostPerUse" Units="USD">0.0</Property>
        <Property Name="ResourceUsageCostRate" Units="USD per Hour">0.0</Property>
        <Property Name="DynamicSelectionRule">
          <Value>None</Value>
        </Property>
      </Properties>
      <Graphics ExternallyVisible="True" />
    </Link>
    <Link Name="Path2" Type="Path" Size="1.25 0 0" Scope="Public" Start="KeyWest_FL1" End="Input@KeyWest_FL">
      <Points>
        <Point Location="13.1997680664063 0 10.445499420166" />
      </Points>
      <Properties>
        <Property Name="InitialCost" Units="USD">0.0</Property>
        <Property Name="InitialCostRate" Units="USD per Hour">0.0</Property>
        <Property Name="ResourceIdleCostRate" Units="USD per Hour">0.0</Property>
        <Property Name="ResourceCostPerUse" Units="USD">0.0</Property>
        <Property Name="ResourceUsageCostRate" Units="USD per Hour">0.0</Property>
        <Property Name="DynamicSelectionRule">
          <Value>None</Value>
        </Property>
      </Properties>
      <Graphics ExternallyVisible="True" />
    </Link>
    <Link Name="Path3" Type="Path" Size="54.29 0 0" Scope="Public" Start="Seattle_WA1" End="KeyWest_FL1">
      <Points>
        <Point Location="-27.3294525146484 0 -12.603572845459" />
        <Point Location="-27.3294525146484 0 -12.603572845459" />
        <Point Location="-27.3280563354492 0 -12.6041488647461" />
        <Point Location="-27.3270721435547 0 -12.6030693054199" />
        <Point Location="-27.3180694580078 0 -12.5944519042969" />
        <Point Location="-17.4886169433594 0 -10.9811706542969" />
        <Point Location="-13.3983764648438 0 -10.824821472168" />
        <Point Location="-13.3903274536133 0 -10.8256416320801" />
        <Point Location="-12.4553070068359 0 -10.5785102844238" />
        <Point Location="-8.85404205322266 0 -9.68141174316406" />
        <Point Location="-8.85359954833984 0 -9.67145156860352" />
        <Point Location="-8.85971832275391 0 -9.64810943603516" />
        <Point Location="-8.63739776611328 0 -9.46989822387695" />
        <Point Location="-8.63349914550781 0 -9.46810150146484" />
        <Point Location="-1.77102661132813 0 -8.60879135131836" />
        <Point Location="0.430397033691406 0 -4.10707092285156" />
        <Point Location="0.429450988769531 0 -4.10641860961914" />
        <Point Location="0.427810668945313 0 -4.10412979125977" />
        <Point Location="0.427268981933594 0 -4.09970092773438" />
        <Point Location="4.85128021240234 0 -3.63618087768555" />
        <Point Location="4.85785675048828 0 -3.63059997558594" />
        <Point Location="6.06372833251953 0 -3.27571868896484" />
        <Point Location="6.00849914550781 0 -2.61581039428711" />
        <Point Location="6.00729370117188 0 -2.59963989257813" />
        <Point Location="9.78240203857422 0 -0.00403976440429688" />
        <Point Location="9.78826141357422 0 -0.00135040283203125" />
        <Point Location="11.1875305175781 0 2.04637145996094" />
        <Point Location="11.2874603271484 0 2.24657821655273" />
        <Point Location="12.9139022827148 0 6.14748954772949" />
        <Point Location="14.5263900756836 0 9.54521942138672" />
        <Point Location="14.5247802734375 0 9.55054092407227" />
        <Point Location="13.2020492553711 0 10.4480590820313" />
        <Point Location="13.2000274658203 0 10.4453392028809" />
        <Point Location="13.1997680664063 0 10.445499420166" />
        <Point Location="13.1997680664063 0 10.445499420166" />
      </Points>
      <Properties>
        <Property Name="InitialCost" Units="USD">0.0</Property>
        <Property Name="InitialCostRate" Units="USD per Hour">0.0</Property>
        <Property Name="ResourceIdleCostRate" Units="USD per Hour">0.0</Property>
        <Property Name="ResourceCostPerUse" Units="USD">0.0</Property>
        <Property Name="ResourceUsageCostRate" Units="USD per Hour">0.0</Property>
        <Property Name="DynamicSelectionRule">
          <Value>None</Value>
        </Property>
      </Properties>
      <Graphics ExternallyVisible="True" />
    </Link>
  </Objects>
  <Schedules>
    <Schedule Name="StandardWeek" CycleDays="7" StartDate="2011-01-03T00:00:00" Description="Standard Work Week Schedule">
      <DayPatternRefs>
        <DayPatternRef DayNumber="1" DayPattern="StandardDay" />
        <DayPatternRef DayNumber="2" DayPattern="StandardDay" />
        <DayPatternRef DayNumber="3" DayPattern="StandardDay" />
        <DayPatternRef DayNumber="4" DayPattern="StandardDay" />
        <DayPatternRef DayNumber="5" DayPattern="StandardDay" />
      </DayPatternRefs>
    </Schedule>
  </Schedules>
  <DayPatterns>
    <DayPattern Name="StandardDay" Description="Standard 8-5 Work Day">
      <Periods>
        <Period Start="08:00:00" End="12:00:00" Value="1" CostMultiplier="1" />
        <Period Start="13:00:00" End="17:00:00" Value="1" CostMultiplier="1" />
      </Periods>
    </DayPattern>
  </DayPatterns>
  <Graphics>
    <AnimationSetup MinimumNumberOfFramesToDisplayIdleAnimation="10" />
  </Graphics>
</Fragment>
<!-- YKA5gpQMTYV/DlViP3k1HrzUcAvAF3bYLNvJ9BzFyxFLTQvojsMXY3qRxjWUl+3nuBxHKrKwtHlDfXU0YIdHng== -->