<?xml version="1.0" encoding="utf-8"?>
<Project ProductVersion="10.165.15383.0" FileVersion="166" WriteToMultipleFiles="True" Id="16a5f50b-3814-4aaf-bde7-0fd89bd2953e" xmlns="http://www.simio.com/projects/v1">
  <DocumentInfo LicenseInfo="6:0" UserName="Simio" Organization="Simio LLC" SerialNumber="0000" SaveDate="2018-06-15T10:57:59" Sig="BovqPCPLfgqizHQBAHl45CT6CkADTcK3oDzZ1dkjBC6kzIg/pkcfmMkUzpsQ3CJo6bgy6Hzxb4nNofbAVe8vCA==" />
  <Models>
    <Model Definition="ModelEntity" Runnable="False">
      <TargetSettings HighRiskThreshold="50" MediumRiskThreshold="80" HighRiskColor="ff0000" MediumRiskColor="ffff00" LowRiskColor="90ee90" />
      <ViewInfo />
    </Model>
    <Model Definition="Model">
      <RunSetup AnimationInterval="1" ReplicationNumber="1" Latitude="40.539912" Longitude="-80.180157">
        <StartDate>2018-06-18T00:00:00</StartDate>
        <EndDate>2018-06-19T00:00:00</EndDate>
      </RunSetup>
      <TargetSettings HighRiskThreshold="50" MediumRiskThreshold="80" HighRiskColor="ff0000" MediumRiskColor="ffff00" LowRiskColor="90ee90" />
      <RunnableInstance>
        <Properties>
          <Property Name="InitialCost" Units="USD">0.0</Property>
          <Property Name="InitialCostRate" Units="USD per Hour">0.0</Property>
          <Property Name="ResourceIdleCostRate" Units="USD per Hour">0.0</Property>
          <Property Name="ResourceCostPerUse" Units="USD">0.0</Property>
          <Property Name="ResourceUsageCostRate" Units="USD per Hour">0.0</Property>
          <Property Name="DynamicSelectionRule">
            <Value>None</Value>
          </Property>
        </Properties>
      </RunnableInstance>
      <InteractiveStatistics ResultSetId="42eb5cf7-2c04-4079-8c70-6d991e6e5d4e" ResultSetTimeStampUtc="2018-06-15T10:50:19.8814783Z">
        <FileRef Name="Results\Model\Interactive_Results.stats" />
      </InteractiveStatistics>
      <ViewInfo ActiveModel="True" ActiveView="Facility">
        <Facility>
          <Camera Orientation="Top" Location="-13.6818786741544 72.9046612706199 6.23538233995494" Direction="0 -1 -2.22044604925031E-16" Zoom="72.904661270619926" />
          <ObjectDisplay SnapToGrid="True" Background="ffffff" />
          <Libraries Width="35">
            <Library Name="Standard Library" Size="643" Expanded="True" />
            <Library Name="Flow Library" Size="28" />
          </Libraries>
        </Facility>
        <OperationalPlanningResourceGantt>
          <FileRef Name="Data\ViewState\Model_OperationalPlanningResourceGantt.xml" />
        </OperationalPlanningResourceGantt>
        <OperationalPlanningOwnerGantt>
          <FileRef Name="Data\ViewState\Model_OperationalPlanningOwnerGantt.xml" />
        </OperationalPlanningOwnerGantt>
        <OperationalPlanningResourceGantt>
          <FileRef Name="Data\ViewState\Model_OperationalPlanningResourceGantt1.xml" />
        </OperationalPlanningResourceGantt>
        <OperationalPlanningOwnerGantt>
          <FileRef Name="Data\ViewState\Model_OperationalPlanningOwnerGantt1.xml" />
        </OperationalPlanningOwnerGantt>
      </ViewInfo>
    </Model>
  </Models>
  <CommonItems>
    <Definitions>
      <EntityDefinition Name="ModelEntity" Id="02cd64f1-7a89-434d-a076-47f10e681edb" Revision="0" Description="The default entity definition for your project." CheckBaseForAdvancedProperties="True">
        <FileRef Name="Models\ModelEntity\02cd64f1-7a89-434d-a076-47f10e681edb.xml" />
      </EntityDefinition>
      <FixedDefinition Name="Model" Id="de2fb201-244e-456d-91f7-4d377a557a74" Revision="1">
        <FileRef Name="Models\Model\de2fb201-244e-456d-91f7-4d377a557a74.xml" />
      </FixedDefinition>
    </Definitions>
    <DefinitionRefs>
      <DefinitionRef Name="ModelEntity">
        <Id>02cd64f1-7a89-434d-a076-47f10e681edb</Id>
        <Revision>0</Revision>
      </DefinitionRef>
      <DefinitionRef Name="Model">
        <Id>de2fb201-244e-456d-91f7-4d377a557a74</Id>
        <Revision>1</Revision>
      </DefinitionRef>
      <DefinitionRef Name="TransferNode">
        <Id>0d40fbf0-8206-443f-b771-65f85633a2f6</Id>
        <Revision>154</Revision>
      </DefinitionRef>
      <DefinitionRef Name="Source">
        <Id>1d0ccf22-61f9-4fc0-9b3c-01d17e71402d</Id>
        <Revision>112</Revision>
      </DefinitionRef>
      <DefinitionRef Name="Sink">
        <Id>5f44138f-a5f7-40d1-ab9a-eea7c5f0254e</Id>
        <Revision>66</Revision>
      </DefinitionRef>
      <DefinitionRef Name="BasicNode">
        <Id>585953ca-c744-444b-92d9-8af032f3e9a1</Id>
        <Revision>107</Revision>
      </DefinitionRef>
      <DefinitionRef Name="Path">
        <Id>93d39da5-5ba1-4ae1-a526-15bdb27d48e4</Id>
        <Revision>63</Revision>
      </DefinitionRef>
    </DefinitionRefs>
    <Materials>
      <ColorMaterial Id="7add5735-5b00-43b7-b558-a6f4312b07ba" Color="008000" />
    </Materials>
    <Definitions>
      <NodeDefinition Name="BasicNode" Id="585953ca-c744-444b-92d9-8af032f3e9a1" Revision="107" Description="A BasicNode object may be used by an entity to transfer into or out of an object. This type of node may also be used to define an intersection point in a network of links." CheckBaseForAdvancedProperties="True" Color="808080">
        <FileRef Name="Models\BasicNode\585953ca-c744-444b-92d9-8af032f3e9a1.xml" />
      </NodeDefinition>
      <LinkDefinition Name="Path" Id="93d39da5-5ba1-4ae1-a526-15bdb27d48e4" Revision="63" Description="A Path object may be used to define a pathway between two node locations where the travel time is determined by the path length and a traveling entity's speed. Passing may or may not be allowed." CheckBaseForAdvancedProperties="True" FlowConstraintMode="Default">
        <FileRef Name="Models\Path\93d39da5-5ba1-4ae1-a526-15bdb27d48e4.xml" />
      </LinkDefinition>
      <FixedDefinition Name="Sink" Id="5f44138f-a5f7-40d1-ab9a-eea7c5f0254e" Revision="66" Description="A Sink object may be used to destroy entities that have finished processing in the model." CheckBaseForAdvancedProperties="True">
        <FileRef Name="Models\Sink\5f44138f-a5f7-40d1-ab9a-eea7c5f0254e.xml" />
      </FixedDefinition>
      <FixedDefinition Name="Source" Id="1d0ccf22-61f9-4fc0-9b3c-01d17e71402d" Revision="112" Description="A Source object may be used to generate entities of a specified type." CheckBaseForAdvancedProperties="True">
        <FileRef Name="Models\Source\1d0ccf22-61f9-4fc0-9b3c-01d17e71402d.xml" />
      </FixedDefinition>
      <NodeDefinition Name="TransferNode" Id="0d40fbf0-8206-443f-b771-65f85633a2f6" Revision="154" Description="A TransferNode object may be used by an entity to transfer into or out of an object. This type of node may also be used to define an intersection point in a network of links. Optional entity destination selection and transport logic is provided." CheckBaseForAdvancedProperties="True" Color="1e90ff">
        <FileRef Name="Models\TransferNode\0d40fbf0-8206-443f-b771-65f85633a2f6.xml" />
      </NodeDefinition>
    </Definitions>
    <Symbols>
      <Symbol Name="Sink" Id="f5b0a0b7-4274-403c-981c-33d4b6e077a5" Types="StandardLibrary" Actions="Static" PadBoundingBox="True">
        <Thumbnail>
          <FileRef Name="Data\Thumbnails\Sink.png" />
        </Thumbnail>
        <Graphics>
          <Geometry Center="0 3.576279E-07 0" Scale="5.228027">
            <GeometryData>
              <MeshData>
                <FileRef Name="Data\Geometry\Sink.s3d" />
              </MeshData>
              <GeometryDataPieces />
            </GeometryData>
            <Decorations>
              <Decoration SurfaceId="0">
                <MaterialRef Id="bab850ad-84d5-4885-a81d-3f604b121144" />
              </Decoration>
              <Decoration SurfaceId="1">
                <MaterialRef Id="def9c0aa-66b6-4b4e-b436-e0dfa0c0d5cf" />
              </Decoration>
            </Decorations>
          </Geometry>
        </Graphics>
      </Symbol>
      <Symbol Name="Source" Id="4253805c-d9dd-447f-b808-dc61ab3765de" Types="StandardLibrary" Actions="Static" PadBoundingBox="True">
        <Thumbnail>
          <FileRef Name="Data\Thumbnails\Source.png" />
        </Thumbnail>
        <Graphics>
          <Geometry Center="0 -3.576279E-07 -1.490116E-08" Scale="5.10292">
            <GeometryData>
              <MeshData>
                <FileRef Name="Data\Geometry\Source.s3d" />
              </MeshData>
              <GeometryDataPieces />
            </GeometryData>
            <Decorations>
              <Decoration SurfaceId="0">
                <MaterialRef Id="9699965b-b2a7-449d-a1aa-2b4b69e9f686" />
              </Decoration>
              <Decoration SurfaceId="1">
                <MaterialRef Id="9539f632-7efb-49b3-a6cd-5c1627c06e27" />
              </Decoration>
            </Decorations>
          </Geometry>
        </Graphics>
      </Symbol>
    </Symbols>
    <Materials>
      <TextureMaterial Id="bab850ad-84d5-4885-a81d-3f604b121144" Name="SketchupTexture">
        <Image>
          <FileRef Name="Data\Textures\SketchupTexture.jpg" />
        </Image>
      </TextureMaterial>
      <TextureMaterial Id="def9c0aa-66b6-4b4e-b436-e0dfa0c0d5cf" Name="SketchupTexture">
        <Image>
          <FileRef Name="Data\Textures\SketchupTexture1.jpg" />
        </Image>
      </TextureMaterial>
      <TextureMaterial Id="9699965b-b2a7-449d-a1aa-2b4b69e9f686" Name="SketchupTexture">
        <Image>
          <FileRef Name="Data\Textures\SketchupTexture2.jpg" />
        </Image>
      </TextureMaterial>
      <TextureMaterial Id="9539f632-7efb-49b3-a6cd-5c1627c06e27" Name="SketchupTexture">
        <Image>
          <FileRef Name="Data\Textures\SketchupTexture3.jpg" />
        </Image>
      </TextureMaterial>
    </Materials>
  </CommonItems>
</Project>
<!-- fI+PYI5NhjLg88AYUa1Fqmm3QExZDkfIkWlB+Mk9C8sej2gjH4vqzk71RGMIOOfqTVI+0MkF9rL/X9qPzZnpUw== -->